ds,precio_ref,unidades_total,monto_total
2017-01-01,990.0,158,142740
2017-01-02,990.0,152,137180
2017-01-03,990.0,125,115390
2017-01-04,990.0,107,98710
2017-01-05,990.0,103,96270
2017-01-06,990.0,93,84808
2017-01-07,990.0,156,138290
2017-01-08,990.0,96,86110
2017-01-09,990.0,95,89490
2017-01-10,990.0,106,96390
2017-01-11,990.0,88,81420
2017-01-12,990.0,85,78830
2017-01-13,990.0,118,106750
2017-01-14,990.0,98,89610
2017-01-15,990.0,73,65430
2017-01-16,990.0,80,73880
2017-01-17,990.0,118,111500
2017-01-18,990.0,115,108530
2017-01-19,990.0,96,87060
2017-01-20,990.0,98,89420
2017-01-21,990.0,98,89610
2017-01-22,990.0,99,93070
2017-01-23,990.0,109,99930
2017-01-24,990.0,124,112880
2017-01-25,990.0,103,93610
2017-01-26,990.0,84,77460
2017-01-27,990.0,143,132830
2017-01-28,990.0,102,94140
2017-01-29,990.0,99,91550
2017-01-30,990.0,114,102220
2017-01-31,990.0,91,84010
2017-02-01,990.0,76,71440
2017-02-02,990.0,93,84850
2017-02-03,990.0,71,66110
2017-02-04,990.0,76,70490
2017-02-05,990.0,100,91210
2017-02-06,990.0,76,68590
2017-02-07,990.0,76,70870
2017-02-08,990.0,82,73960
2017-02-09,990.0,104,94220
2017-02-10,990.0,93,84850
2017-02-11,990.0,132,118900
2017-02-12,990.0,99,90030
2017-02-13,990.0,77,70530
2017-02-14,990.0,94,85080
2017-02-15,990.0,109,102590
2017-02-16,990.0,108,97040
2017-02-17,990.0,94,86030
2017-02-18,990.0,112,101570
2017-02-19,990.0,93,86180
2017-02-20,990.0,113,106170
2017-02-21,990.0,121,111430
2017-02-22,990.0,113,103510
2017-02-23,990.0,147,134890
2017-02-24,990.0,153,140830
2017-02-25,990.0,103,95130
2017-02-26,990.0,157,140990
2017-02-27,990.0,96,88960
2017-02-28,990.0,106,101520
2017-03-01,990.0,71,65730
2017-03-02,990.0,75,69690
2017-03-03,990.0,124,113640
2017-03-04,990.0,115,107770
2017-03-05,990.0,110,101300
2017-03-06,990.0,88,79900
2017-03-07,990.0,69,64890
2017-03-08,990.0,79,71750
2017-03-09,990.0,87,81190
2017-03-10,990.0,88,82180
2017-03-11,990.0,102,94900
2017-03-12,990.0,75,68170
2017-03-13,990.0,65,59790
2017-03-14,990.0,70,64740
2017-03-15,990.0,87,79670
2017-03-16,990.0,63,57050
2017-03-17,990.0,69,65270
2017-03-18,990.0,60,55600
2017-03-19,990.0,50,47600
2017-03-20,990.0,69,63370
2017-03-21,990.0,58,54000
2017-03-22,990.0,66,61540
2017-03-23,990.0,57,51490
2017-03-24,990.0,94,86980
2017-03-25,990.0,113,103510
2017-03-26,990.0,113,104650
2017-03-27,990.0,81,73730
2017-03-28,990.0,67,62910
2017-03-29,990.0,71,67250
2017-03-30,990.0,83,76850
2017-03-31,990.0,88,85220
2017-04-01,990.0,71,70290
2017-04-02,990.0,63,62370
2017-04-03,990.0,55,54450
2017-04-04,990.0,60,59400
2017-04-05,990.0,84,83160
2017-04-06,990.0,76,75240
2017-04-07,990.0,70,69300
2017-04-08,990.0,90,89100
2017-04-09,990.0,48,47520
2017-04-10,990.0,60,59400
2017-04-11,990.0,57,56430
2017-04-12,990.0,61,60390
2017-04-13,990.0,112,110880
2017-04-14,990.0,91,90090
2017-04-15,990.0,84,83160
2017-04-16,990.0,28,27720
2017-04-17,990.0,35,34650
2017-04-18,990.0,68,67320
2017-04-20,990.0,81,80190
2017-04-21,990.0,111,109890
2017-04-22,990.0,97,96030
2017-04-23,990.0,55,54450
2017-04-24,990.0,83,82170
2017-04-25,990.0,83,82170
2017-04-26,990.0,52,51480
2017-04-27,990.0,69,68310
2017-04-28,990.0,149,147510
2017-04-29,990.0,79,78210
2017-04-30,990.0,122,120780
2017-05-01,990.0,134,132660
2017-05-02,990.0,77,72430
2017-05-03,990.0,22,21400
2017-05-04,990.0,38,36100
2017-05-05,990.0,67,64430
2017-05-06,990.0,68,64660
2017-05-07,990.0,39,35950
2017-05-08,990.0,63,57810
2017-05-09,990.0,43,39340
2017-05-10,990.0,73,66190
2017-05-11,990.0,44,41040
2017-05-12,990.0,89,82030
2017-05-13,990.0,83,77040
2017-05-14,990.0,36,32790
2017-05-15,990.0,57,53010
2017-05-16,990.0,47,43680
2017-05-17,990.0,60,56740
2017-05-18,990.0,50,45700
2017-05-19,990.0,89,82790
2017-05-20,990.0,94,86220
2017-05-21,990.0,47,44060
2017-05-22,990.0,56,52020
2017-05-23,990.0,55,49130
2017-05-24,990.0,57,52250
2017-05-25,990.0,61,56590
2017-05-26,990.0,79,73650
2017-05-27,990.0,107,97570
2017-05-28,990.0,49,45470
2017-05-29,990.0,60,56740
2017-05-30,990.0,55,51030
2017-05-31,990.0,71,66110
2017-06-01,990.0,75,68550
2017-06-02,990.0,80,75780
2017-06-03,990.0,88,81990
2017-06-04,990.0,51,47450
2017-06-05,990.0,58,54000
2017-06-06,990.0,80,71600
2017-06-07,990.0,49,45470
2017-06-08,990.0,73,66570
2017-06-09,990.0,79,73650
2017-06-10,990.0,98,87990
2017-06-11,990.0,59,53090
2017-06-12,990.0,41,37930
2017-06-13,990.0,46,41360
2017-06-14,990.0,38,35720
2017-06-15,990.0,81,75440
2017-06-16,990.0,44,41280
2017-06-17,990.0,68,62570
2017-06-18,990.0,59,56130
2017-06-19,990.0,49,46040
2017-06-20,990.0,63,59330
2017-06-21,990.0,39,37850
2017-06-22,990.0,45,41890
2017-06-23,990.0,67,66330
2017-06-24,990.0,59,58410
2017-06-25,990.0,43,42570
2017-06-26,990.0,52,51480
2017-06-27,990.0,58,57420
2017-06-28,990.0,51,50490
2017-06-29,990.0,47,46530
2017-06-30,990.0,94,93060
2017-07-01,990.0,77,76230
2017-07-02,990.0,74,73260
2017-07-03,990.0,45,44550
2017-07-04,990.0,45,44550
2017-07-05,990.0,49,48510
2017-07-06,990.0,61,60390
2017-07-07,990.0,91,90090
2017-07-08,990.0,66,65340
2017-07-09,990.0,63,62370
2017-07-10,990.0,60,59400
2017-07-11,990.0,69,68310
2017-07-12,990.0,56,55440
2017-07-13,990.0,49,48510
2017-07-14,990.0,97,96030
2017-07-15,990.0,54,53460
2017-07-16,990.0,64,63360
2017-07-17,990.0,60,59400
2017-07-18,990.0,62,61380
2017-07-19,990.0,66,65340
2017-07-20,990.0,92,91080
2017-07-21,990.0,77,76230
2017-07-22,990.0,101,99990
2017-07-23,990.0,65,64350
2017-07-24,990.0,62,61380
2017-07-25,990.0,69,64510
2017-07-26,990.0,53,50950
2017-07-27,990.0,69,63370
2017-07-28,990.0,96,89720
2017-07-29,990.0,68,63140
2017-07-30,990.0,47,44250
2017-07-31,990.0,71,66870
2017-08-01,990.0,61,56590
2017-08-02,990.0,90,82640
2017-08-03,990.0,67,64050
2017-08-04,990.0,67,64050
2017-08-05,990.0,67,63290
2017-08-06,990.0,42,40440
2017-08-07,990.0,44,41660
2017-08-08,990.0,69,62610
2017-08-09,990.0,54,48900
2017-08-10,990.0,37,34350
2017-08-11,990.0,49,46610
2017-08-12,990.0,64,58040
2017-08-13,990.0,56,51260
2017-08-14,990.0,61,56590
2017-08-15,990.0,83,75710
2017-08-16,990.0,62,58340
2017-08-17,990.0,74,67560
2017-08-18,990.0,60,55980
2017-08-19,990.0,93,84850
2017-08-20,990.0,70,65120
2017-08-21,990.0,59,54610
2017-08-22,990.0,54,50040
2017-08-23,990.0,56,52400
2017-08-24,990.0,66,62680
2017-08-25,990.0,81,74490
2017-08-26,990.0,73,67710
2017-08-27,990.0,59,54990
2017-08-28,990.0,51,47450
2017-08-29,990.0,52,48440
2017-08-30,990.0,74,67687
2017-08-31,990.0,77,73172
2017-09-01,990.0,90,84667
2017-09-02,990.0,96,86852
2017-09-03,990.0,78,71838
2017-09-04,990.0,70,63778
2017-09-05,990.0,66,60780
2017-09-06,990.0,80,73120
2017-09-07,990.0,81,74870
2017-09-08,990.0,99,91930
2017-09-09,990.0,65,61880
2017-09-10,990.0,55,51410
2017-09-11,990.0,49,46990
2017-09-12,990.0,85,79590
2017-09-13,990.0,73,71510
2017-09-14,990.0,63,62370
2017-09-15,990.0,118,116820
2017-09-16,990.0,57,56430
2017-09-17,990.0,43,42570
2017-09-18,990.0,83,82170
2017-09-19,990.0,100,99000
2017-09-20,990.0,107,105930
2017-09-21,990.0,55,54450
2017-09-22,990.0,86,85140
2017-09-23,990.0,64,63360
2017-09-24,990.0,56,55440
2017-09-25,990.0,73,72270
2017-09-26,990.0,80,79200
2017-09-27,990.0,60,59400
2017-09-28,990.0,49,48510
2017-09-29,990.0,73,72270
2017-09-30,990.0,72,71280
2017-10-01,990.0,57,56430
2017-10-02,990.0,61,60390
2017-10-03,990.0,63,62370
2017-10-04,990.0,75,74250
2017-10-05,990.0,62,61380
2017-10-06,990.0,111,109890
2017-10-07,990.0,69,68310
2017-10-08,990.0,91,90090
2017-10-09,990.0,81,80190
2017-10-10,990.0,60,59400
2017-10-11,990.0,63,62370
2017-10-12,990.0,69,68310
2017-10-13,990.0,84,83160
2017-10-14,990.0,68,67320
2017-10-15,990.0,59,58410
2017-10-16,990.0,62,61380
2017-10-17,990.0,47,45390
2017-10-18,990.0,85,79970
2017-10-19,990.0,104,100110
2017-10-20,990.0,102,97560
2017-10-21,990.0,96,88580
2017-10-22,990.0,64,59560
2017-10-23,990.0,79,70610
2017-10-24,990.0,94,84700
2017-10-25,990.0,69,63750
2017-10-26,990.0,89,83550
2017-10-27,990.0,81,74490
2017-10-28,990.0,50,46460
2017-10-29,990.0,66,60780
2017-10-30,990.0,52,48820
2017-10-31,990.0,108,100460
2017-11-01,990.0,65,57890
2017-11-02,990.0,72,66340
2017-11-03,990.0,104,96500
2017-11-04,990.0,56,52210
2017-11-05,990.0,52,47300
2017-11-06,990.0,56,51260
2017-11-07,990.0,61,55450
2017-11-08,990.0,87,80050
2017-11-09,990.0,108,97610
2017-11-10,990.0,112,104040
2017-11-11,990.0,82,76240
2017-11-12,990.0,56,50500
2017-11-13,990.0,58,55140
2017-11-14,990.0,82,75480
2017-11-15,990.0,117,106140
2017-11-16,990.0,87,78910
2017-11-17,990.0,113,105030
2017-11-18,990.0,103,95700
2017-11-19,990.0,126,114860
2017-11-20,990.0,75,68930
2017-11-21,990.0,86,79820
2017-11-22,990.0,83,75710
2017-11-23,990.0,81,74110
2017-11-24,990.0,90,84730
2017-11-25,990.0,105,97870
2017-11-26,990.0,66,59450
2017-11-27,990.0,59,54990
2017-11-28,990.0,59,54990
2017-11-29,990.0,88,80850
2017-11-30,990.0,86,80200
2017-12-01,990.0,104,94220
2017-12-02,990.0,98,89800
2017-12-03,990.0,90,82640
2017-12-04,990.0,84,78220
2017-12-05,990.0,59,55750
2017-12-06,990.0,101,99990
2017-12-07,990.0,73,72270
2017-12-08,990.0,76,75240
2017-12-09,990.0,71,70290
2017-12-10,990.0,58,57420
2017-12-11,990.0,52,51480
2017-12-12,990.0,77,76230
2017-12-13,990.0,104,102960
2017-12-14,990.0,91,90090
2017-12-15,990.0,94,93060
2017-12-16,990.0,82,81180
2017-12-17,990.0,120,118800
2017-12-18,990.0,62,61380
2017-12-19,990.0,85,84150
2017-12-20,990.0,63,62370
2017-12-21,990.0,70,69300
2017-12-22,990.0,81,80190
2017-12-23,990.0,74,73260
2017-12-24,990.0,76,75240
2017-12-25,990.0,83,82170
2017-12-26,990.0,108,106920
2017-12-27,990.0,113,111870
2017-12-28,990.0,98,97020
2017-12-29,990.0,123,121770
2017-12-30,990.0,95,94050
2017-12-31,990.0,112,110880
2018-01-01,990.0,161,159390
2018-01-02,990.0,120,118800
2018-01-03,990.0,150,148500
2018-01-04,990.0,119,117810
2018-01-05,990.0,133,131670
2018-01-06,990.0,127,125730
2018-01-07,990.0,97,96030
2018-01-08,990.0,81,80190
2018-01-09,990.0,88,86560
2018-01-10,990.0,90,85600
2018-01-11,990.0,86,80660
2018-01-12,990.0,99,94321
2018-01-13,990.0,90,84900
2018-01-14,990.0,79,73212
2018-01-15,990.0,90,85600
2018-01-16,990.0,106,100180
2018-01-17,990.0,121,113070
2018-01-18,990.0,113,105710
2018-01-19,990.0,121,114330
2018-01-20,990.0,77,73150
2018-01-21,990.0,71,68050
2018-01-22,990.0,76,71880
2018-01-23,990.0,83,77970
2018-01-24,990.0,82,79080
2018-01-25,990.0,72,67920
2018-01-26,990.0,80,76260
2018-01-27,990.0,96,90000
2018-01-28,990.0,92,85620
2018-01-29,990.0,73,69470
2018-01-30,990.0,111,104430
2018-01-31,990.0,117,109670
2018-02-01,990.0,92,87440
2018-02-02,990.0,100,95500
2018-02-03,990.0,59,56730
2018-02-04,990.0,92,85900
2018-02-05,990.0,71,67350
2018-02-06,990.0,83,77970
2018-02-07,990.0,73,68490
2018-02-08,990.0,92,86880
2018-02-09,990.0,141,133150
2018-02-10,990.0,78,74140
2018-02-11,990.0,101,94950
2018-02-12,990.0,106,99620
2018-02-13,990.0,93,88290
2018-02-14,990.0,94,88860
2018-02-15,990.0,76,71740
2018-02-16,990.0,104,100020
2018-02-17,990.0,89,84750
2018-02-18,990.0,95,89710
2018-02-19,990.0,87,82210
2018-02-20,990.0,92,88000
2018-02-21,990.0,99,92690
2018-02-22,990.0,89,82930
2018-02-23,990.0,105,98630
2018-02-24,990.0,97,91550
2018-02-25,990.0,106,98640
2018-02-26,990.0,72,67920
2018-02-27,990.0,63,62090
2018-02-28,990.0,101,99990
2018-03-01,990.0,85,84150
2018-03-02,990.0,101,99990
2018-03-03,990.0,75,74250
2018-03-04,990.0,73,72270
2018-03-05,990.0,70,69300
2018-03-06,990.0,80,79200
2018-03-07,990.0,65,64350
2018-03-08,990.0,63,62370
2018-03-09,990.0,105,103950
2018-03-10,990.0,87,86130
2018-03-11,990.0,64,63360
2018-03-12,990.0,86,85140
2018-03-13,990.0,74,73260
2018-03-14,990.0,92,91080
2018-03-15,990.0,80,79200
2018-03-16,990.0,84,83160
2018-03-17,990.0,54,53460
2018-03-18,990.0,67,66330
2018-03-19,990.0,59,58410
2018-03-20,990.0,67,66330
2018-03-21,990.0,52,51480
2018-03-22,990.0,74,73260
2018-03-23,990.0,87,86130
2018-03-24,990.0,84,83160
2018-03-25,990.0,55,54450
2018-03-26,990.0,61,60390
2018-03-27,990.0,60,59400
2018-03-28,990.0,65,64350
2018-03-29,990.0,100,99000
2018-03-30,990.0,86,85140
2018-03-31,990.0,54,53460
2018-04-01,990.0,57,56430
2018-04-02,990.0,49,48510
2018-04-03,990.0,91,87290
2018-04-04,990.0,58,55040
2018-04-05,990.0,65,62670
2018-04-06,990.0,82,77260
2018-04-07,990.0,70,66220
2018-04-08,990.0,74,69900
2018-04-09,990.0,44,41320
2018-04-10,990.0,46,45260
2018-04-11,990.0,56,53480
2018-04-12,990.0,70,65940
2018-04-13,990.0,110,104700
2018-04-14,990.0,80,75840
2018-04-15,990.0,44,42020
2018-04-16,990.0,52,50640
2018-04-17,990.0,77,72870
2018-04-18,990.0,58,55460
2018-04-19,990.0,67,64230
2018-04-20,990.0,83,78810
2018-04-21,990.0,77,72170
2018-04-22,990.0,50,47680
2018-04-23,990.0,54,51080
2018-04-24,990.0,78,74700
2018-04-25,990.0,72,68760
2018-04-26,990.0,64,60560
2018-04-27,990.0,113,107670
2018-04-28,990.0,77,73710
2018-04-29,990.0,50,47260
2018-04-30,990.0,78,74140
2018-05-01,990.0,105,98630
2018-05-02,990.0,73,69750
2018-05-03,990.0,96,90560
2018-05-04,990.0,91,87570
2018-05-05,990.0,72,67920
2018-05-06,990.0,61,57590
2018-05-07,990.0,59,56170
2018-05-08,990.0,60,57160
2018-05-09,990.0,56,53760
2018-05-10,990.0,72,68900
2018-05-11,990.0,110,103300
2018-05-12,990.0,67,64090
2018-05-13,990.0,53,51070
2018-05-14,990.0,62,59700
2018-05-15,990.0,65,62110
2018-05-16,990.0,79,74570
2018-05-17,990.0,70,68040
2018-05-18,990.0,102,97620
2018-05-19,990.0,84,80920
2018-05-20,990.0,103,96930
2018-05-21,990.0,70,66500
2018-05-22,990.0,38,36780
2018-05-23,990.0,49,48510
2018-05-24,990.0,46,45540
2018-05-25,990.0,69,68310
2018-05-26,990.0,46,45540
2018-05-27,990.0,44,43560
2018-05-28,990.0,59,58410
2018-05-29,990.0,36,35640
2018-05-30,990.0,40,39600
2018-05-31,990.0,66,65340
2018-06-01,990.0,71,70290
2018-06-02,990.0,73,72270
2018-06-03,990.0,45,44550
2018-06-04,990.0,66,65340
2018-06-05,990.0,56,55440
2018-06-06,990.0,75,74250
2018-06-07,990.0,101,99990
2018-06-08,990.0,66,65340
2018-06-09,990.0,38,37620
2018-06-10,990.0,43,42570
2018-06-11,990.0,46,45540
2018-06-12,990.0,54,53460
2018-06-13,990.0,58,57420
2018-06-14,990.0,81,80190
2018-06-15,990.0,78,77220
2018-06-16,990.0,72,70947
2018-06-17,990.0,33,32670
2018-06-18,990.0,44,43560
2018-06-19,990.0,45,44550
2018-06-20,990.0,57,56430
2018-06-21,990.0,62,61380
2018-06-22,990.0,65,64350
2018-06-23,990.0,56,55440
2018-06-24,990.0,47,46530
2018-06-25,990.0,50,49500
2018-06-26,990.0,70,67500
2018-06-27,990.0,75,72810
2018-06-28,990.0,57,55350
2018-06-29,990.0,61,59490
2018-06-30,990.0,59,56880
2018-07-01,990.0,48,46530
2018-07-02,990.0,57,54810
2018-07-03,990.0,64,60660
2018-07-04,990.0,50,48150
2018-07-05,990.0,50,48671
2018-07-06,990.0,70,68400
2018-07-07,990.0,92,87840
2018-07-08,990.0,51,49019
2018-07-09,990.0,41,39600
2018-07-10,990.0,61,58410
2018-07-11,990.0,73,70830
2018-07-12,990.0,101,96930
2018-07-13,990.0,102,97920
2018-07-14,990.0,66,63900
2018-07-15,990.0,64,61200
2018-07-16,990.0,66,62460
2018-07-17,990.0,58,56160
2018-07-18,990.0,64,61920
2018-07-19,990.0,83,79560
2018-07-20,990.0,87,83790
2018-07-21,990.0,78,75420
2018-07-22,990.0,75,71190
2018-07-23,990.0,73,70470
2018-07-24,990.0,62,58680
2018-07-25,990.0,52,50040
2018-07-26,990.0,60,57960
2018-07-27,990.0,74,70740
2018-07-28,990.0,80,76680
2018-07-29,990.0,45,43830
2018-07-30,990.0,66,63900
2018-07-31,990.0,77,74250
2018-08-01,990.0,67,64620
2018-08-02,990.0,73,70290
2018-08-03,990.0,92,88560
2018-08-04,990.0,68,65340
2018-08-05,990.0,55,52560
2018-08-06,990.0,53,51390
2018-08-07,990.0,70,67500
2018-08-08,990.0,101,96731
2018-08-09,990.0,86,82440
2018-08-10,990.0,80,76860
2018-08-11,990.0,66,63090
2018-08-12,990.0,50,48060
2018-08-13,990.0,92,88650
2018-08-14,990.0,101,97784
2018-08-15,990.0,78,74880
2018-08-16,990.0,66,63360
2018-08-17,990.0,59,57330
2018-08-18,990.0,63,60840
2018-08-19,990.0,49,47970
2018-08-20,990.0,68,64980
2018-08-21,990.0,42,40320
2018-08-22,990.0,53,51390
2018-08-23,990.0,62,60660
2018-08-24,990.0,106,102600
2018-08-25,990.0,86,83160
2018-08-26,990.0,37,35190
2018-08-27,990.0,62,59057
2018-08-28,990.0,76,73260
2018-08-29,990.0,64,62190
2018-08-30,990.0,52,49590
2018-08-31,990.0,66,63900
2018-09-01,990.0,89,85500
2018-09-02,990.0,90,87030
2018-09-03,990.0,80,77850
2018-09-04,990.0,66,64620
2018-09-05,990.0,72,69660
2018-09-06,990.0,69,67050
2018-09-07,990.0,66,64170
2018-09-08,990.0,56,54360
2018-09-09,990.0,64,61470
2018-09-10,990.0,60,58306
2018-09-11,990.0,52,50220
2018-09-12,990.0,83,79470
2018-09-13,990.0,79,76230
2018-09-14,990.0,70,68040
2018-09-15,990.0,75,72630
2018-09-16,990.0,60,57780
2018-09-17,990.0,58,56700
2018-09-18,990.0,77,74102
2018-09-19,990.0,89,85770
2018-09-20,990.0,84,81360
2018-09-21,990.0,99,95490
2018-09-22,990.0,103,98190
2018-09-23,990.0,82,79110
2018-09-24,990.0,64,63000
2018-09-25,990.0,72,70020
2018-09-26,990.0,64,61830
2018-09-27,990.0,72,69660
2018-09-28,990.0,97,94500
2018-09-29,990.0,100,95310
2018-09-30,990.0,71,68310
2018-10-01,990.0,66,63540
2018-10-02,990.0,79,75240
2018-10-03,990.0,102,98370
2018-10-04,990.0,76,73710
2018-10-05,990.0,74,72000
2018-10-06,990.0,89,85860
2018-10-07,990.0,67,64260
2018-10-08,990.0,70,67320
2018-10-09,990.0,68,64710
2018-10-10,990.0,52,50220
2018-10-11,990.0,64,61830
2018-10-12,990.0,112,108900
2018-10-13,990.0,86,82797
2018-10-14,990.0,97,93690
2018-10-15,990.0,76,72956
2018-10-16,990.0,49,46980
2018-10-17,990.0,67,64530
2018-10-18,990.0,75,72270
2018-10-19,990.0,80,77090
2018-10-20,990.0,68,65880
2018-10-21,990.0,62,60210
2018-10-22,990.0,80,76950
2018-10-23,990.0,55,53730
2018-10-24,990.0,80,76860
2018-10-25,990.0,78,75600
2018-10-26,990.0,104,100800
2018-10-27,990.0,77,74070
2018-10-28,990.0,36,34920
2018-10-29,990.0,64,62820
2018-10-30,990.0,90,86130
2018-10-31,990.0,114,110520
2018-11-01,990.0,90,86760
2018-11-02,990.0,81,78570
2018-11-03,990.0,125,120881
2018-11-04,990.0,90,86400
2018-11-05,990.0,91,88650
2018-11-06,990.0,103,100350
2018-11-07,990.0,95,94050
2018-11-08,990.0,92,91080
2018-11-09,990.0,94,93060
2018-11-10,990.0,73,72270
2018-11-11,990.0,74,73260
2018-11-12,990.0,69,68310
2018-11-13,990.0,73,72270
2018-11-14,990.0,97,96030
2018-11-15,990.0,100,99000
2018-11-16,990.0,135,133650
2018-11-17,990.0,78,77220
2018-11-18,990.0,89,88110
2018-11-19,990.0,102,100980
2018-11-20,990.0,88,87120
2018-11-21,990.0,77,76230
2018-11-22,990.0,83,82170
2018-11-23,990.0,102,100980
2018-11-24,990.0,94,93060
2018-11-25,990.0,86,85140
2018-11-26,990.0,66,65340
2018-11-27,990.0,76,75240
2018-11-28,990.0,78,77220
2018-11-29,990.0,87,86130
2018-11-30,990.0,89,88110
2018-12-01,990.0,69,68310
2018-12-02,990.0,71,70290
2018-12-03,990.0,65,64350
2018-12-04,990.0,112,110880
2018-12-05,990.0,105,103950
2018-12-06,990.0,90,89100
2018-12-07,990.0,91,90090
2018-12-08,990.0,71,70290
2018-12-09,990.0,77,76230
2018-12-10,990.0,78,77220
2018-12-11,990.0,100,97380
2018-12-12,990.0,115,112050
2018-12-13,990.0,112,108524
2018-12-14,990.0,126,122490
2018-12-15,990.0,76,74160
2018-12-16,990.0,85,82080
2018-12-17,990.0,77,75095
2018-12-18,990.0,99,95940
2018-12-19,990.0,89,86850
2018-12-20,990.0,115,111330
2018-12-21,990.0,99,96570
2018-12-22,990.0,125,118170
2018-12-23,990.0,49,47250
2018-12-24,990.0,51,49410
2018-12-25,990.0,93,89010
2018-12-26,990.0,109,106290
2018-12-27,990.0,102,98171
2018-12-28,990.0,54,52397
2018-12-29,990.0,66,64132
2018-12-30,990.0,132,126071
2018-12-31,990.0,113,108143
2019-01-01,990.0,123,116602
2019-01-02,990.0,184,176273
2019-01-03,990.0,150,145260
2019-01-04,990.0,95,91492
2019-01-05,990.0,145,138361
2019-01-06,990.0,111,106020
2019-01-07,990.0,105,101321
2019-01-08,990.0,112,108502
2019-01-09,990.0,91,87352
2019-01-10,990.0,117,112320
2019-01-11,990.0,128,123641
2019-01-12,990.0,101,96641
2019-01-13,990.0,97,92995
2019-01-14,990.0,105,99982
2019-01-15,990.0,104,101062
2019-01-16,990.0,128,123731
2019-01-17,990.0,92,88740
2019-01-18,990.0,113,109006
2019-01-19,990.0,116,110212
2019-01-20,990.0,77,73961
2019-01-21,990.0,72,69352
2019-01-22,990.0,98,94500
2019-01-23,990.0,91,87191
2019-01-24,990.0,104,100890
2019-01-25,990.0,96,93311
2019-01-26,990.0,76,73980
2019-01-27,990.0,78,75994
2019-01-28,990.0,65,63090
2019-01-29,990.0,67,65700
2019-01-30,990.0,93,92070
2019-01-31,990.0,111,109890
2019-02-01,990.0,105,103950
2019-02-02,990.0,89,88110
2019-02-03,990.0,103,101970
2019-02-04,990.0,93,92070
2019-02-05,990.0,101,99990
2019-02-06,990.0,85,84150
2019-02-07,990.0,83,82170
2019-02-08,990.0,123,121770
2019-02-09,990.0,117,115830
2019-02-10,990.0,82,81180
2019-02-11,990.0,80,79200
2019-02-12,990.0,92,91080
2019-02-13,990.0,107,105930
2019-02-14,990.0,76,75240
2019-02-15,990.0,71,70290
2019-02-16,990.0,65,64350
2019-02-17,990.0,71,70290
2019-02-18,990.0,59,58410
2019-02-19,990.0,75,74250
2019-02-20,990.0,93,92070
2019-02-21,990.0,88,87120
2019-02-22,990.0,112,110880
2019-02-23,990.0,135,133400
2019-02-24,990.0,84,83160
2019-02-25,990.0,90,89100
2019-02-26,990.0,75,74250
2019-02-27,990.0,76,75240
2019-02-28,990.0,74,73260
2019-03-01,990.0,109,107910
2019-03-02,990.0,86,85140
2019-03-03,990.0,77,76230
2019-03-04,990.0,80,79200
2019-03-05,990.0,80,79200
2019-03-06,990.0,56,55440
2019-03-07,990.0,69,68310
2019-03-08,990.0,78,77220
2019-03-09,990.0,78,77220
2019-03-10,990.0,61,60390
2019-03-11,990.0,63,62370
2019-03-12,990.0,88,87120
2019-03-13,990.0,45,44550
2019-03-14,990.0,56,55440
2019-03-15,990.0,72,71280
2019-03-16,990.0,83,82170
2019-03-17,990.0,58,57420
2019-03-18,990.0,46,45540
2019-03-19,990.0,57,56430
2019-03-20,990.0,61,60390
2019-03-21,990.0,78,77220
2019-03-22,990.0,82,81180
2019-03-23,990.0,63,62370
2019-03-24,990.0,34,33660
2019-03-25,990.0,44,43560
2019-03-26,990.0,46,45540
2019-03-27,990.0,46,45540
2019-03-28,990.0,46,45540
2019-03-29,990.0,76,75240
2019-03-30,990.0,51,50490
2019-03-31,990.0,40,39600
2019-04-01,990.0,61,60390
2019-04-02,990.0,46,45540
2019-04-03,990.0,55,54450
2019-04-04,990.0,71,70290
2019-04-05,990.0,80,79200
2019-04-06,990.0,69,68310
2019-04-07,990.0,32,31680
2019-04-08,990.0,49,48510
2019-04-09,990.0,56,55440
2019-04-10,990.0,68,67320
2019-04-11,990.0,58,57420
2019-04-12,990.0,57,56430
2019-04-13,990.0,60,59400
2019-04-14,990.0,46,45540
2019-04-15,990.0,60,59400
2019-04-16,990.0,70,67380
2019-04-17,990.0,78,70980
2019-04-18,1110.0,79,76132
2019-04-19,1150.0,60,52677
2019-04-20,1150.0,81,73040
2019-04-21,1150.0,65,56990
2019-04-22,1150.0,83,75660
2019-04-23,1150.0,74,61100
2019-04-24,1150.0,63,57890
2019-04-25,1150.0,62,54500
2019-04-26,1150.0,96,84000
2019-04-27,1150.0,84,73880
2019-04-28,1150.0,72,58479
2019-04-29,1150.0,90,80937
2019-04-30,1150.0,162,140700
2019-05-01,1150.0,144,127200
2019-05-02,1150.0,124,111400
2019-05-03,1150.0,72,64160
2019-05-04,1150.0,93,82950
2019-05-05,1150.0,49,48350
2019-05-06,1150.0,83,73050
2019-05-07,1150.0,53,45750
2019-05-08,1150.0,64,59200
2019-05-09,1150.0,111,94050
2019-05-10,1150.0,95,85250
2019-05-11,1150.0,72,64800
2019-05-12,1150.0,60,53800
2019-05-13,1150.0,94,81700
2019-05-14,1150.0,65,59550
2019-05-15,1150.0,65,58750
2019-05-16,1150.0,85,75350
2019-05-17,1150.0,127,111858
2019-05-18,1150.0,118,101108
2019-05-19,1150.0,88,77200
2019-05-20,1150.0,69,58843
2019-05-21,1150.0,84,71000
2019-05-22,1150.0,67,61050
2019-05-23,1150.0,75,68250
2019-05-24,1150.0,91,78650
2019-05-25,1150.0,93,80150
2019-05-26,1150.0,66,56700
2019-05-27,1150.0,78,65700
2019-05-28,1150.0,89,75950
2019-05-29,1150.0,66,58908
2019-05-30,1150.0,73,67150
2019-05-31,1150.0,81,75550
2019-06-01,1150.0,72,69200
2019-06-02,1150.0,63,60850
2019-06-03,1150.0,55,54450
2019-06-04,1150.0,39,38450
2019-06-05,1150.0,50,57500
2019-06-06,1150.0,81,93150
2019-06-07,1150.0,70,80500
2019-06-08,1150.0,60,69000
2019-06-09,1150.0,57,65550
2019-06-10,1150.0,43,49450
2019-06-11,1150.0,32,36800
2019-06-12,1150.0,48,55200
2019-06-13,1150.0,51,58490
2019-06-14,1150.0,57,65550
2019-06-15,1150.0,54,62100
2019-06-16,1150.0,37,42550
2019-06-17,1150.0,42,48300
2019-06-18,1150.0,61,70150
2019-06-19,1150.0,62,71300
2019-06-20,1150.0,52,59800
2019-06-21,1150.0,66,75900
2019-06-22,1150.0,59,67850
2019-06-23,1150.0,26,29900
2019-06-24,1150.0,27,31050
2019-06-25,1150.0,42,48300
2019-06-26,1150.0,37,42550
2019-06-27,1150.0,45,51750
2019-06-28,1150.0,78,89700
2019-06-29,1150.0,31,35650
2019-06-30,1150.0,43,49450
2019-07-01,1150.0,61,69990
2019-07-02,1150.0,70,80500
2019-07-03,1150.0,55,63250
2019-07-04,1150.0,56,64400
2019-07-05,1150.0,63,72450
2019-07-06,1150.0,50,57500
2019-07-07,1150.0,51,58650
2019-07-08,1150.0,41,47150
2019-07-09,1150.0,57,65550
2019-07-10,1150.0,47,49250
2019-07-11,1150.0,50,50300
2019-07-12,1150.0,69,70350
2019-07-13,1150.0,79,79450
2019-07-14,1150.0,69,70350
2019-07-15,1150.0,93,94650
2019-07-16,1150.0,45,48150
2019-07-17,1150.0,63,64650
2019-07-18,1150.0,64,66400
2019-07-19,1150.0,60,63600
2019-07-20,1150.0,66,68100
2019-07-21,1150.0,62,65000
2019-07-22,1150.0,58,59500
2019-07-23,1150.0,59,63050
2019-07-24,1150.0,60,60000
2019-07-25,1150.0,63,65550
2019-07-26,1150.0,83,84050
2019-07-27,1150.0,63,61650
2019-07-28,1150.0,56,56600
2019-07-29,1150.0,48,49200
2019-07-30,1150.0,73,73760
2019-07-31,1150.0,48,49200
2019-08-01,1150.0,86,88100
2019-08-02,1150.0,84,86400
2019-08-03,1150.0,77,78950
2019-08-04,1150.0,34,35500
2019-08-05,1150.0,42,44700
2019-08-06,1150.0,46,47800
2019-08-07,1150.0,53,52250
2019-08-08,1150.0,54,52500
2019-08-09,1150.0,63,66450
2019-08-10,1150.0,65,65150
2019-08-11,1150.0,47,46690
2019-08-12,1150.0,65,67016
2019-08-13,1150.0,85,80950
2019-08-14,1150.0,72,76200
2019-08-15,1150.0,47,45950
2019-08-16,1150.0,37,38950
2019-08-17,1150.0,49,51550
2019-08-18,1150.0,56,56000
2019-08-19,1150.0,42,45900
2019-08-20,1150.0,51,52450
2019-08-21,1150.0,57,55750
2019-08-22,1150.0,73,71350
2019-08-23,1150.0,77,74550
2019-08-24,1150.0,56,56700
2019-08-25,1150.0,66,61900
2019-08-26,1150.0,65,62610
2019-08-27,1150.0,87,81150
2019-08-28,1150.0,78,75460
2019-08-29,1150.0,72,70660
2019-08-30,1150.0,89,91150
2019-08-31,1150.0,53,51150
2019-09-01,1150.0,53,52200
2019-09-02,1150.0,48,46800
2019-09-03,1150.0,62,61500
2019-09-04,1150.0,55,52750
2019-09-05,1150.0,69,65000
2019-09-06,1150.0,83,84950
2019-09-07,1150.0,71,70608
2019-09-08,1150.0,34,33500
2019-09-09,1150.0,48,46800
2019-09-10,1150.0,59,59450
2019-09-11,1150.0,74,71800
2019-09-12,1150.0,83,82150
2019-09-13,1150.0,65,62150
2019-09-14,1150.0,83,79350
2019-09-15,1150.0,67,67250
2019-09-16,1150.0,50,47700
2019-09-17,1150.0,72,68450
2019-09-18,1150.0,88,83758
2019-09-19,1150.0,75,74350
2019-09-20,1150.0,77,75250
2019-09-21,1150.0,70,69108
2019-09-22,1150.0,55,53316
2019-09-23,1150.0,64,63800
2019-09-24,1150.0,47,43550
2019-09-25,1150.0,43,39650
2019-09-26,1150.0,55,52050
2019-09-27,1150.0,86,84708
2019-09-28,1150.0,78,74840
2019-09-29,1150.0,40,40400
2019-09-30,1150.0,75,71550
2019-10-01,1150.0,87,81500
2019-10-02,1150.0,70,67200
2019-10-03,1150.0,49,50750
2019-10-04,1150.0,66,71350
2019-10-05,1150.0,65,67400
2019-10-06,1150.0,58,57408
2019-10-07,1150.0,54,60350
2019-10-08,1150.0,84,88708
2019-10-09,1150.0,66,75900
2019-10-10,1150.0,55,63250
2019-10-11,1150.0,57,65550
2019-10-12,1150.0,50,57500
2019-10-13,1150.0,40,46000
2019-10-14,1150.0,31,35650
2019-10-15,1150.0,54,62100
2019-10-16,1150.0,47,54050
2019-10-17,1150.0,36,41400
2019-10-18,1150.0,77,88550
2019-10-19,1150.0,34,39100
2019-10-20,1150.0,62,71300
2019-10-21,1150.0,35,40250
2019-10-22,1150.0,27,31050
2019-10-23,1150.0,34,39100
2019-10-24,1150.0,51,58650
2019-10-25,1150.0,60,69000
2019-10-26,1150.0,57,65390
2019-10-27,1150.0,52,59800
2019-10-28,1150.0,59,67850
2019-10-29,1150.0,49,56350
2019-10-30,1150.0,85,97750
2019-10-31,1150.0,66,75900
2019-11-01,1150.0,62,71300
2019-11-02,1150.0,103,118450
2019-11-03,1150.0,60,69000
2019-11-04,1150.0,62,71300
2019-11-05,1150.0,39,44850
2019-11-06,1150.0,63,72450
2019-11-07,1150.0,54,62100
2019-11-08,1150.0,56,64400
2019-11-09,1150.0,31,35650
2019-11-10,1150.0,57,65550
2019-11-11,1150.0,38,41916
2019-11-12,1150.0,27,29650
2019-11-13,1150.0,47,51250
2019-11-14,1150.0,67,69700
2019-11-15,1150.0,100,108000
2019-11-16,1150.0,71,76050
2019-11-17,1150.0,64,63799
2019-11-18,1150.0,113,114550
2019-11-19,1150.0,96,95000
2019-11-20,1150.0,70,69300
2019-11-21,1150.0,73,74150
2019-11-22,1150.0,97,101750
2019-11-23,1150.0,74,74409
2019-11-24,1150.0,72,70953
2019-11-25,1150.0,77,75250
2019-11-26,1150.0,88,88600
2019-11-27,1150.0,61,63302
2019-11-28,1150.0,85,86550
2019-11-29,1150.0,100,102400
2019-11-30,1150.0,100,99706
2019-12-01,1150.0,68,68803
2019-12-02,1150.0,64,64880
2019-12-03,1150.0,106,103403
2019-12-04,1150.0,80,75253
2019-12-05,1150.0,84,83300
2019-12-06,1150.0,94,91406
2019-12-07,1150.0,82,78603
2019-12-08,1150.0,48,49303
2019-12-09,1150.0,83,80750
2019-12-10,1150.0,101,101906
2019-12-11,1150.0,111,109959
2019-12-12,1150.0,99,97453
2019-12-13,1150.0,105,100556
2019-12-14,1150.0,85,83856
2019-12-15,1150.0,72,75450
2019-12-16,1150.0,89,89122
2019-12-17,1150.0,101,101503
2019-12-18,1150.0,90,91303
2019-12-19,1150.0,59,56650
2019-12-20,1150.0,98,97300
2019-12-21,1150.0,73,74150
2019-12-22,1150.0,65,64250
2019-12-23,1150.0,62,60100
2019-12-24,1150.0,32,32600
2019-12-25,1150.0,46,49750
2019-12-26,1150.0,76,81100
2019-12-27,1150.0,90,103500
2019-12-28,1150.0,64,73600
2019-12-29,1150.0,67,77050
2019-12-30,1150.0,71,81650
2019-12-31,1150.0,79,90850
2020-01-01,1150.0,120,138000
2020-01-02,1150.0,82,94300
2020-01-03,1150.0,75,86250
2020-01-04,1150.0,73,83950
2020-01-05,1150.0,58,66700
2020-01-06,1150.0,57,65390
2020-01-07,1150.0,62,71300
2020-01-08,1150.0,53,60950
2020-01-09,1150.0,63,72450
2020-01-10,1150.0,68,78200
2020-01-11,1150.0,65,74750
2020-01-12,1150.0,51,58650
2020-01-13,1150.0,45,51750
2020-01-14,1150.0,51,58650
2020-01-15,1150.0,98,112700
2020-01-16,1150.0,74,85100
2020-01-17,1150.0,80,92000
2020-01-18,1150.0,53,60950
2020-01-19,1150.0,75,86250
2020-01-20,1150.0,36,41400
2020-01-21,1150.0,51,58650
2020-01-22,1150.0,47,54050
2020-01-23,1150.0,56,64400
2020-01-24,1150.0,61,70150
2020-01-25,1150.0,80,92000
2020-01-26,1150.0,70,80500
2020-01-27,1150.0,53,60950
2020-01-28,1150.0,63,69650
2020-01-29,1150.0,61,66650
2020-01-30,1150.0,65,71950
2020-01-31,1150.0,96,100430
2020-02-01,1150.0,80,80800
2020-02-02,1150.0,62,64300
2020-02-03,1150.0,85,85150
2020-02-04,1150.0,81,85100
2020-02-05,1150.0,76,80400
2020-02-06,1150.0,68,71550
2020-02-07,1150.0,91,94850
2020-02-08,1150.0,92,96700
2020-02-09,1150.0,68,70150
2020-02-10,1150.0,52,54900
2020-02-11,1150.0,70,74200
2020-02-12,1150.0,66,71350
2020-02-13,1150.0,88,92800
2020-02-14,1150.0,106,111750
2020-02-15,1150.0,96,96834
2020-02-16,1150.0,70,72800
2020-02-17,1150.0,69,73050
2020-02-18,1150.0,80,82900
2020-02-19,1150.0,60,64800
2020-02-20,1150.0,67,72150
2020-02-21,1150.0,82,86250
2020-02-22,1150.0,103,105150
2020-02-23,1150.0,67,70050
2020-02-24,1150.0,65,65650
2020-02-25,1150.0,87,91650
2020-02-26,1150.0,77,79450
2020-02-27,1150.0,80,83600
2020-02-28,1150.0,74,77400
2020-02-29,1150.0,76,81800
2020-03-01,1150.0,83,85650
2020-03-02,1150.0,71,73950
2020-03-03,1150.0,52,54900
2020-03-04,1150.0,58,62934
2020-03-05,1150.0,68,72600
2020-03-06,1150.0,75,80650
2020-03-07,1150.0,67,68650
2020-03-08,1150.0,55,59750
2020-03-09,1150.0,68,68400
2020-03-10,1150.0,56,59500
2020-03-11,1150.0,54,56934
2020-03-12,1150.0,74,77400
2020-03-13,1150.0,74,79150
2020-03-14,1150.0,53,57450
2020-03-15,1150.0,48,52400
2020-03-16,1150.0,52,52800
2020-03-17,1150.0,34,39100
2020-03-18,1150.0,43,49450
2020-03-19,1150.0,34,39100
2020-03-20,1150.0,40,46000
2020-03-21,1150.0,14,16100
2020-03-22,1150.0,27,31050
2020-03-23,1150.0,33,37950
2020-03-24,1150.0,33,37950
2020-03-25,1150.0,25,28750
2020-03-26,1150.0,34,39100
2020-03-27,1150.0,30,34500
2020-03-28,1150.0,37,42550
2020-03-29,1150.0,28,32200
2020-03-30,1150.0,33,37950
2020-03-31,1150.0,47,54050
2020-04-01,1150.0,46,52900
2020-04-02,1150.0,44,50600
2020-04-03,1150.0,37,42550
2020-04-04,1150.0,24,27600
2020-04-05,1150.0,31,35650
2020-04-06,1150.0,37,42550
2020-04-07,1150.0,41,47150
2020-04-08,1150.0,19,21850
2020-04-09,1150.0,26,29900
2020-04-10,1150.0,21,24150
2020-04-11,1150.0,21,24150
2020-04-12,1150.0,30,34500
2020-04-13,1150.0,21,24150
2020-04-14,1150.0,52,56600
2020-04-15,1150.0,33,32670
2020-04-16,1150.0,33,32670
2020-04-17,1150.0,51,50490
2020-04-18,1150.0,35,34650
2020-04-19,1150.0,32,31680
2020-04-20,1150.0,35,34650
2020-04-21,1150.0,47,46530
2020-04-22,1150.0,35,34650
2020-04-23,1150.0,28,27720
2020-04-24,1150.0,33,32670
2020-04-25,1150.0,45,44550
2020-04-26,1150.0,38,37620
2020-04-27,1150.0,54,53460
2020-04-28,1150.0,53,52470
2020-04-29,1150.0,62,61274
2020-04-30,1150.0,74,73260
2020-05-01,1150.0,46,45540
2020-05-02,1150.0,53,52470
2020-05-03,1150.0,31,30690
2020-05-04,1150.0,42,41420
2020-05-05,1150.0,73,72270
2020-05-06,1150.0,45,44550
2020-05-07,1150.0,54,52980
2020-05-08,1150.0,31,30690
2020-05-09,1150.0,57,56110
2020-05-10,1150.0,24,23600
2020-05-11,1150.0,41,40590
2020-05-12,1150.0,27,26730
2020-05-13,1150.0,30,29700
2020-05-14,1150.0,51,50490
2020-05-15,1150.0,78,77220
2020-05-16,1150.0,48,47520
2020-05-17,1150.0,38,37620
2020-05-18,1150.0,31,30690
2020-05-19,1150.0,17,16830
2020-05-20,1150.0,41,40590
2020-05-21,1150.0,28,27720
2020-05-22,1150.0,50,49500
2020-05-23,1150.0,32,31680
2020-05-24,1150.0,41,40590
2020-05-25,1150.0,52,51480
2020-05-26,1150.0,36,35640
2020-05-27,1150.0,36,35640
2020-05-28,1150.0,44,43560
2020-05-29,1150.0,34,33660
2020-05-30,1150.0,56,55440
2020-05-31,1150.0,23,22770
2020-06-01,1150.0,40,39600
2020-06-02,1022.0,30,26500
2020-06-03,990.0,20,19800
2020-06-04,990.0,39,38610
2020-06-05,990.0,41,40590
2020-06-06,990.0,21,20790
2020-06-07,990.0,41,40590
2020-06-08,990.0,27,26730
2020-06-09,990.0,52,51480
2020-06-10,990.0,26,25740
2020-06-11,990.0,33,32670
2020-06-12,990.0,40,39600
2020-06-13,990.0,18,17820
2020-06-14,990.0,12,11880
2020-06-15,990.0,19,18810
2020-06-16,990.0,25,24750
2020-06-17,990.0,20,19800
2020-06-18,990.0,23,22770
2020-06-19,990.0,26,25740
2020-06-20,990.0,17,16830
2020-06-21,990.0,17,16830
2020-06-22,990.0,21,20790
2020-06-23,990.0,22,21780
2020-06-24,990.0,22,21780
2020-06-25,990.0,27,26730
2020-06-26,990.0,33,32670
2020-06-27,990.0,34,33660
2020-06-28,990.0,24,23760
2020-06-29,990.0,20,19800
2020-06-30,990.0,21,20790
2020-07-01,990.0,31,30690
2020-07-02,990.0,48,47520
2020-07-03,990.0,28,27720
2020-07-04,990.0,31,30690
2020-07-05,990.0,29,28710
2020-07-06,990.0,31,30690
2020-07-07,990.0,33,32670
2020-07-08,990.0,30,29700
2020-07-09,990.0,35,34650
2020-07-10,990.0,45,44550
2020-07-11,990.0,35,34650
2020-07-12,990.0,39,38610
2020-07-13,990.0,36,35640
2020-07-14,990.0,27,26730
2020-07-15,990.0,34,33660
2020-07-16,990.0,16,15840
2020-07-17,990.0,23,22770
2020-07-18,990.0,17,16830
2020-07-19,990.0,20,19800
2020-07-20,990.0,38,37620
2020-07-21,990.0,29,28710
2020-07-22,990.0,28,27720
2020-07-23,990.0,41,40590
2020-07-24,990.0,45,44550
2020-07-25,990.0,33,32670
2020-07-26,990.0,23,22770
2020-07-27,990.0,33,32670
2020-07-28,990.0,45,44550
2020-07-29,990.0,38,37510
2020-07-30,990.0,36,35640
2020-07-31,990.0,56,55440
2020-08-01,990.0,47,46530
2020-08-02,990.0,67,66330
2020-08-03,990.0,35,34650
2020-08-04,990.0,45,44550
2020-08-05,990.0,47,46530
2020-08-06,990.0,42,41580
2020-08-07,990.0,63,62370
2020-08-08,990.0,46,45540
2020-08-09,990.0,54,53460
2020-08-10,990.0,41,40590
2020-08-11,990.0,45,44550
2020-08-12,990.0,53,52470
2020-08-13,990.0,48,47520
2020-08-14,990.0,32,31680
2020-08-15,990.0,47,46530
2020-08-16,990.0,35,34650
2020-08-17,990.0,48,47520
2020-08-18,990.0,37,35870
2020-08-19,990.0,52,47881
2020-08-20,990.0,49,45850
2020-08-21,990.0,59,55750
2020-08-22,990.0,38,35340
2020-08-23,990.0,34,33280
2020-08-24,990.0,41,39450
2020-08-25,990.0,43,39530
2020-08-26,990.0,59,52710
2020-08-27,990.0,65,58650
2020-08-28,990.0,47,43870
2020-08-29,990.0,48,43530
2020-08-30,990.0,71,64020
2020-08-31,990.0,48,45620
2020-09-01,990.0,66,58500
2020-09-02,990.0,81,73350
2020-09-03,990.0,69,62990
2020-09-04,990.0,57,51870
2020-09-05,990.0,79,70610
2020-09-06,990.0,50,45320
2020-09-07,990.0,51,47070
2020-09-08,990.0,55,50650
2020-09-09,990.0,60,55410
2020-09-10,990.0,63,57430
2020-09-11,990.0,85,79371
2020-09-12,990.0,24,21750
2020-09-13,990.0,47,43490
2020-09-14,990.0,98,88813
2020-09-15,990.0,55,50270
2020-09-16,990.0,81,74110
2020-09-17,990.0,77,70150
2020-09-18,990.0,38,34960
2020-09-19,990.0,47,42503
2020-09-20,990.0,29,27190
2020-09-21,990.0,52,45933
2020-09-22,990.0,64,57990
2020-09-23,990.0,73,66843
2020-09-24,990.0,76,68828
2020-09-25,990.0,71,62413
2020-09-26,990.0,84,73343
2020-09-27,990.0,53,48613
2020-09-28,990.0,63,57542
2020-09-29,990.0,76,67358
2020-09-30,990.0,70,63954
2020-10-01,990.0,78,70879
2020-10-02,990.0,72,68620
2020-10-03,990.0,43,40133
2020-10-04,990.0,52,48635
2020-10-05,990.0,68,62514
2020-10-06,990.0,65,59305
2020-10-07,990.0,60,58214
2020-10-08,990.0,77,73785
2020-10-09,990.0,81,79434
2020-10-10,990.0,50,49393
2020-10-11,990.0,50,48823
2020-10-12,990.0,40,38974
2020-10-13,990.0,72,68431
2020-10-14,990.0,66,64705
2020-10-15,990.0,67,65625
2020-10-16,990.0,80,77464
2020-10-17,990.0,65,62809
2020-10-18,990.0,54,51832
2020-10-19,990.0,62,60010
2020-10-20,990.0,99,96956
2020-10-21,990.0,72,70647
2020-10-22,990.0,86,81537
2020-10-23,990.0,79,76277
2020-10-24,990.0,67,63913
2020-10-25,990.0,92,90332
2020-10-26,990.0,74,71525
2020-10-27,990.0,61,59090
2020-10-28,990.0,93,90490
2020-10-29,990.0,81,76691
2020-10-30,990.0,105,103494
2020-10-31,990.0,53,51978
2020-11-01,990.0,46,45433
2020-11-02,990.0,65,62727
2020-11-03,990.0,66,64498
2020-11-04,990.0,72,70227
2020-11-05,990.0,95,90160
2020-11-06,990.0,138,129298
2020-11-07,990.0,118,113446
2020-11-08,990.0,72,69404
2020-11-09,990.0,61,58120
2020-11-10,990.0,61,56520
2020-11-11,990.0,90,82475
2020-11-12,990.0,51,47768
2020-11-13,990.0,75,69648
2020-11-14,990.0,80,74944
2020-11-15,990.0,68,61178
2020-11-16,990.0,59,55328
2020-11-17,990.0,47,44257
2020-11-18,990.0,74,67940
2020-11-19,990.0,32,30160
2020-11-20,990.0,93,84275
2020-11-21,990.0,79,71224
2020-11-22,990.0,69,63248
2020-11-23,990.0,52,48060
2020-11-24,990.0,83,75858
2020-11-25,990.0,81,74110
2020-11-26,990.0,62,57960
2020-11-27,990.0,92,83983
2020-11-28,990.0,103,92850
2020-11-29,990.0,86,78300
2020-11-30,990.0,94,86980
2020-12-01,990.0,66,59640
2020-12-02,990.0,79,71750
2020-12-03,990.0,71,64088
2020-12-04,990.0,58,52860
2020-12-05,990.0,40,35420
2020-12-06,990.0,33,29630
2020-12-07,990.0,37,33970
2020-12-08,990.0,36,32600
2020-12-09,990.0,74,67940
2020-12-10,990.0,80,74640
2020-12-11,990.0,87,78530
2020-12-12,990.0,74,68320
2020-12-13,990.0,59,53850
2020-12-14,990.0,78,72280
2020-12-15,990.0,86,79820
2020-12-16,990.0,84,78220
2020-12-17,990.0,85,77131
2020-12-18,990.0,69,64510
2020-12-19,990.0,59,54230
2020-12-20,990.0,68,62000
2020-12-21,990.0,99,92310
2020-12-22,990.0,71,67250
2020-12-23,990.0,78,70000
2020-12-24,990.0,51,47450
2020-12-25,990.0,52,47300
2020-12-26,990.0,32,30920
2020-12-27,990.0,32,30160
2020-12-28,990.0,71,64860
2020-12-29,990.0,103,95130
2020-12-30,990.0,98,90560
2020-12-31,990.0,62,56930
2021-01-01,990.0,60,53320
2021-01-02,990.0,47,44360
2021-01-03,990.0,38,36100
2021-01-04,990.0,71,68120
2021-01-05,990.0,82,73960
2021-01-06,990.0,91,82490
2021-01-07,990.0,77,71480
2021-01-08,990.0,75,69690
2021-01-09,990.0,36,32220
2021-01-10,990.0,54,48520
2021-01-11,990.0,107,96810
2021-01-12,990.0,93,83139
2021-01-13,990.0,71,63830
2021-01-14,990.0,81,72970
2021-01-15,990.0,99,90410
2021-01-16,990.0,51,46310
2021-01-17,990.0,50,44940
2021-01-18,990.0,61,55070
2021-01-19,990.0,74,68129
2021-01-20,990.0,84,74040
2021-01-21,990.0,85,73890
2021-01-22,990.0,86,76590
2021-01-23,990.0,65,58080
2021-01-24,990.0,41,37550
2021-01-25,990.0,92,83100
2021-01-26,990.0,81,74490
2021-01-27,990.0,74,69044
2021-01-28,1016.0,79,73617
2021-01-29,1050.0,56,55904
2021-01-30,1050.0,42,40805
2021-01-31,1050.0,48,48120
2021-02-01,1050.0,71,68994
2021-02-02,1050.0,70,69282
2021-02-03,1050.0,58,60173
2021-02-04,1050.0,61,63814
2021-02-05,1050.0,68,69753
2021-02-06,1050.0,63,65194
2021-02-07,1050.0,49,51450
2021-02-08,1050.0,88,90987
2021-02-09,1050.0,84,86082
2021-02-10,1050.0,65,67542
2021-02-11,1050.0,90,92617
2021-02-12,1050.0,68,69751
2021-02-13,1050.0,64,66257
2021-02-14,1050.0,63,64957
2021-02-15,1050.0,60,61589
2021-02-16,1050.0,83,85253
2021-02-17,1050.0,72,73012
2021-02-18,1050.0,83,85501
2021-02-19,1050.0,90,93323
2021-02-20,1050.0,55,57500
2021-02-21,1050.0,59,61450
2021-02-22,1050.0,85,87131
2021-02-23,1050.0,72,74422
2021-02-24,1050.0,69,71964
2021-02-25,1050.0,70,72087
2021-02-26,1050.0,68,69737
2021-02-27,1050.0,60,62293
2021-02-28,1050.0,61,63578
2021-03-01,1050.0,52,54350
2021-03-02,1050.0,78,80690
2021-03-03,1050.0,74,76287
2021-03-04,1050.0,55,57042
2021-03-05,1050.0,76,78158
2021-03-06,1050.0,49,50278
2021-03-07,1050.0,53,54664
2021-03-08,1050.0,50,51087
2021-03-09,1050.0,60,58057
2021-03-10,1050.0,57,55993
2021-03-11,1050.0,60,58573
2021-03-12,1050.0,86,81122
2021-03-13,1050.0,28,27934
2021-03-14,1050.0,57,59654
2021-03-15,1050.0,84,75117
2021-03-16,1050.0,79,74228
2021-03-17,1050.0,72,67634
2021-03-18,1050.0,89,81984
2021-03-19,1050.0,92,86670
2021-03-20,1050.0,35,32784
2021-03-21,1050.0,28,26900
2021-03-22,1050.0,53,49385
2021-03-23,1050.0,48,46470
2021-03-24,1050.0,37,35350
2021-03-25,1050.0,50,46070
2021-03-26,1050.0,54,50200
2021-03-27,1050.0,7,6734
2021-03-28,1050.0,9,8519
2021-03-29,1050.0,47,44420
2021-03-30,1050.0,41,38285
2021-03-31,1050.0,39,36700
2021-04-01,1050.0,40,37832
2021-04-02,1050.0,35,31785
2021-04-03,1050.0,8,8400
2021-04-04,1050.0,26,23500
2021-04-05,1050.0,54,52735
2021-04-06,1050.0,63,58884
2021-04-07,1050.0,65,59750
2021-04-08,1050.0,49,46800
2021-04-09,1050.0,77,71235
2021-04-10,1050.0,34,32235
2021-04-11,1050.0,37,35584
2021-04-12,1050.0,57,51884
2021-04-13,1050.0,59,53806
2021-04-14,1050.0,41,39050
2021-04-15,1050.0,55,49320
2021-04-16,1050.0,51,48550
2021-04-17,1050.0,46,43871
2021-04-18,1050.0,23,22400
2021-04-19,1050.0,31,27731
2021-04-20,1050.0,38,33685
2021-04-21,1050.0,62,57600
2021-04-22,1050.0,48,43935
2021-04-23,1050.0,50,46534
2021-04-24,1050.0,44,42734
2021-04-25,1050.0,16,14300
2021-04-26,1050.0,30,28700
2021-04-27,1050.0,48,44934
2021-04-28,1050.0,44,45485
2021-04-29,1050.0,41,43050
2021-04-30,1050.0,55,56821
2021-05-01,1050.0,35,36750
2021-05-02,1050.0,37,37918
2021-05-03,1050.0,51,52085
2021-05-04,1050.0,62,64634
2021-05-05,1050.0,51,53550
2021-05-06,1050.0,73,76399
2021-05-07,1050.0,68,70004
2021-05-08,1050.0,45,46534
2021-05-09,1050.0,34,35700
2021-05-10,1050.0,56,58085
2021-05-11,1050.0,42,43634
2021-05-12,1050.0,37,38850
2021-05-13,1050.0,28,29400
2021-05-14,1050.0,55,57284
2021-05-17,1050.0,40,41999
2021-05-18,1050.0,40,42000
2021-05-19,1050.0,50,51784
2021-05-20,1050.0,43,44684
2021-05-21,1050.0,48,49684
2021-05-22,1050.0,36,37800
2021-05-23,1050.0,45,54719
2021-05-24,1050.0,53,54720
2021-05-25,1050.0,69,68750
2021-05-26,1050.0,57,56584
2021-05-27,1050.0,48,47200
2021-05-28,1050.0,82,79234
2021-05-29,1050.0,38,36384
2021-05-30,1050.0,49,48185
2021-05-31,1050.0,84,81484
2021-06-01,1050.0,82,77050
2021-06-02,1050.0,67,65550
2021-06-03,1050.0,65,63450
2021-06-04,1050.0,56,52669
2021-06-05,1050.0,48,45200
2021-06-06,1050.0,27,25550
2021-06-07,1050.0,42,40000
2021-06-08,1050.0,51,49550
2021-06-09,1050.0,82,77835
2021-06-10,1050.0,56,54400
2021-06-11,1050.0,87,83851
2021-06-12,1050.0,53,48871
2021-06-13,1050.0,45,43335
2021-06-14,1050.0,43,40900
2021-06-15,1050.0,45,43250
2021-06-16,1050.0,47,54850
2021-06-17,1050.0,57,56250
2021-06-18,1050.0,45,45250
2021-06-19,1050.0,49,47352
2021-06-20,1050.0,23,21750
2021-06-21,1050.0,50,47202
2021-06-22,1050.0,39,38300
2021-06-23,1050.0,42,40900
2021-06-24,1050.0,51,49150
2021-06-25,1050.0,47,44950
2021-06-26,1050.0,41,40250
2021-06-27,1050.0,41,40400
2021-06-28,1050.0,42,40900
2021-06-29,1050.0,51,48900
2021-06-30,1050.0,64,62950
2021-07-01,1050.0,63,60550
2021-07-02,1050.0,78,73643
2021-07-03,1050.0,31,28950
2021-07-04,1050.0,57,55450
2021-07-05,1050.0,62,58600
2021-07-06,1050.0,27,34350
2021-07-07,1050.0,83,81150
2021-07-08,1050.0,62,59800
2021-07-09,1050.0,58,57850
2021-07-10,1050.0,47,44600
2021-07-11,1050.0,58,57700
2021-07-12,1050.0,44,43800
2021-07-13,1050.0,59,58100
2021-07-14,1050.0,48,50400
2021-07-15,1050.0,70,75900
2021-07-16,1050.0,72,75599
2021-07-17,1050.0,67,70350
2021-07-18,1050.0,67,70350
2021-07-19,1050.0,54,56700
2021-07-20,1050.0,63,69200
2021-07-21,1050.0,50,52500
2021-07-22,1050.0,58,60900
2021-07-23,1050.0,45,47250
2021-07-24,1050.0,43,45150
2021-07-25,1050.0,39,40700
2021-07-26,1050.0,39,40700
2021-07-27,1050.0,45,47250
2021-07-28,1050.0,38,39650
2021-07-29,1050.0,58,60900
2021-07-30,1050.0,60,63000
2021-07-31,1050.0,56,58799
2021-08-01,1050.0,72,75600
2021-08-02,1050.0,47,49350
2021-08-03,1050.0,55,57750
2021-08-04,1050.0,42,44100
2021-08-05,1050.0,56,58550
2021-08-06,1050.0,54,56401
2021-08-07,1050.0,74,77700
2021-08-08,1050.0,51,53501
2021-08-09,1050.0,51,53550
2021-08-10,1050.0,61,63800
2021-08-11,1050.0,53,55650
2021-08-12,1050.0,48,50400
2021-08-13,1050.0,52,54600
2021-08-14,1050.0,50,52249
2021-08-15,1050.0,23,24150
2021-08-16,1050.0,47,49100
2021-08-17,1050.0,59,60452
2021-08-18,1050.0,26,27050
2021-08-19,1050.0,60,57400
2021-08-20,1050.0,87,90500
2021-08-21,1050.0,57,58317
2021-08-22,1050.0,60,57550
2021-08-23,1050.0,51,49950
2021-08-24,1050.0,58,58900
2021-08-25,1050.0,64,61750
2021-08-26,1050.0,59,57550
2021-08-27,1050.0,82,78400
2021-08-28,1050.0,70,67285
2021-08-29,1050.0,48,45750
2021-08-30,1050.0,50,48250
2021-08-31,1050.0,70,68300
2021-09-01,1050.0,72,68681
2021-09-02,1050.0,44,44600
2021-09-03,1050.0,69,67400
2021-09-04,1050.0,66,64900
2021-09-05,1050.0,72,69902
2021-09-06,1050.0,56,54800
2021-09-07,1050.0,58,56800
2021-09-08,1050.0,55,53500
2021-09-09,1050.0,66,64500
2021-09-10,1050.0,43,42350
2021-09-11,1050.0,37,35650
2021-09-12,1050.0,38,36450
2021-09-13,1050.0,51,49950
2021-09-14,1050.0,87,81900
2021-09-15,1050.0,72,71200
2021-09-16,1050.0,62,61500
2021-09-17,1050.0,50,46500
2021-09-18,1050.0,61,57312
2021-09-19,1050.0,71,70550
2021-09-20,1050.0,69,66850
2021-09-21,1050.0,44,41000
2021-09-22,1050.0,72,69750
2021-09-23,1050.0,80,75400
2021-09-24,1050.0,49,48250
2021-09-25,1050.0,70,66700
2021-09-26,1050.0,45,45250
2021-09-27,1050.0,77,74017
2021-09-28,1050.0,61,59250
2021-09-29,1050.0,55,52417
2021-09-30,1050.0,86,84700
2021-10-01,1050.0,84,81800
2021-10-02,1050.0,74,71850
2021-10-03,1050.0,80,78150
2021-10-04,1050.0,58,56900
2021-10-05,1050.0,52,51950
2021-10-06,1050.0,78,81900
2021-10-07,1086.0,50,53850
2021-10-08,1100.0,96,104778
2021-10-09,1100.0,71,77800
2021-10-10,1100.0,76,83166
2021-10-11,1100.0,64,69363
2021-10-12,1100.0,44,48300
2021-10-13,1100.0,64,69837
2021-10-14,1100.0,59,64450
2021-10-15,1100.0,55,60100
2021-10-16,1100.0,75,81422
2021-10-17,1100.0,57,62400
2021-10-18,1100.0,74,81083
2021-10-19,1100.0,52,57200
2021-10-20,1100.0,43,47116
2021-10-21,1100.0,69,74855
2021-10-22,1100.0,75,78737
2021-10-23,1100.0,65,71200
2021-10-24,1100.0,63,69300
2021-10-25,1100.0,76,83000
2021-10-26,1100.0,36,39000
2021-10-27,1100.0,44,47800
2021-10-28,1100.0,69,75900
2021-10-29,1100.0,54,59400
2021-10-30,1100.0,74,81400
2021-10-31,1100.0,67,72267
2021-11-01,1100.0,51,56100
2021-11-02,1100.0,65,71500
2021-11-03,1100.0,62,67716
2021-11-04,1100.0,62,67933
2021-11-05,1100.0,78,85322
2021-11-06,1100.0,56,61600
2021-11-07,1100.0,56,61600
2021-11-08,1100.0,66,72165
2021-11-09,1100.0,60,66965
2021-11-10,1100.0,53,55300
2021-11-11,1100.0,49,50900
2021-11-12,1100.0,82,85410
2021-11-13,1100.0,66,68271
2021-11-14,1100.0,54,57110
2021-11-15,1100.0,51,52600
2021-11-16,1100.0,28,29655
2021-11-17,1100.0,92,95166
2021-11-18,1100.0,68,71800
2021-11-19,1100.0,70,70355
2021-11-20,1100.0,53,53790
2021-11-21,1100.0,80,80500
2021-11-22,1100.0,39,40777
2021-11-23,1100.0,64,64922
2021-11-24,1100.0,57,59700
2021-11-25,1100.0,90,91710
2021-11-26,1100.0,69,72535
2021-11-27,1100.0,81,84548
2021-11-28,1100.0,71,71600
2021-11-29,1100.0,58,58619
2021-11-30,1100.0,73,71474
2021-12-01,1100.0,90,88355
2021-12-02,1100.0,80,82000
2021-12-03,1100.0,97,95016
2021-12-04,1100.0,68,66655
2021-12-05,1100.0,82,79839
2021-12-06,1100.0,67,66055
2021-12-07,1100.0,82,79600
2021-12-08,1100.0,74,72218
2021-12-09,1100.0,70,70500
2021-12-10,1100.0,83,81882
2021-12-11,1100.0,110,107316
2021-12-12,1100.0,77,77700
2021-12-13,1100.0,90,86655
2021-12-14,1100.0,94,92246
2021-12-15,1100.0,83,84300
2021-12-16,1100.0,89,89716
2021-12-17,1100.0,107,107700
2021-12-18,1100.0,82,83933
2021-12-19,1100.0,91,92739
2021-12-20,1100.0,67,67981
2021-12-21,1100.0,71,72556
2021-12-22,1100.0,69,75089
2021-12-23,1100.0,61,67100
2021-12-24,1100.0,73,79756
2021-12-25,1100.0,95,102907
2021-12-26,1100.0,34,37400
2021-12-27,1100.0,36,38508
2021-12-28,1100.0,57,61993
2021-12-29,1100.0,62,67376
2021-12-30,1100.0,117,128410
2021-12-31,1100.0,62,66874
2022-01-01,1100.0,93,100382
2022-01-02,1100.0,122,134055
2022-01-03,1100.0,80,87462
2022-01-04,1100.0,83,90329
2022-01-05,1100.0,76,83600
2022-01-06,1100.0,110,121000
2022-01-07,1100.0,118,129800
2022-01-08,1100.0,84,91179
2022-01-09,1100.0,65,71355
2022-01-10,1100.0,70,76710
2022-01-11,1100.0,84,92110
2022-01-12,1100.0,105,115088
2022-01-13,1100.0,103,113300
2022-01-14,1100.0,109,118930
2022-01-15,1100.0,135,148500
2022-01-16,1100.0,96,105455
2022-01-17,1100.0,67,73565
2022-01-18,1100.0,61,65984
2022-01-19,1100.0,60,64818
2022-01-20,1100.0,81,88955
2022-01-21,1100.0,62,67229
2022-01-22,1100.0,64,69988
2022-01-23,1100.0,68,74800
2022-01-24,1100.0,88,96655
2022-01-25,1100.0,59,64695
2022-01-26,1100.0,57,62555
2022-01-27,1100.0,63,68510
2022-01-28,1100.0,85,93088
2022-01-29,1100.0,95,103920
2022-01-30,1100.0,62,67375
2022-01-31,1100.0,68,74100
